{"products":[{"id":"0.11817607382040762","qty":3}],"totalPrice":33.69000000000001}