{"products":[{"id":"0.11817607382040762","qty":1}],"totalPrice":11.229999999999999}