{"products":[{"id":"0.11817607382040762","qty":2}],"totalPrice":22.460000000000008}